student_id,platform,daily_usage_hours,sleep_hours,conflicts,mental_health_score,academic_impact_score,day_of_week,timestamp
S001,Instagram,5.2,6.5,2,6.2,7.1,Monday,2024-02-10T08:00:00Z
S001,Instagram,4.8,7.0,1,7.1,7.5,Tuesday,2024-02-11T08:00:00Z
S001,Instagram,6.1,6.0,3,5.8,6.5,Wednesday,2024-02-12T08:00:00Z
S002,TikTok,7.5,5.5,4,4.5,5.2,Monday,2024-02-10T08:00:00Z
S002,TikTok,8.2,5.0,5,4.1,4.8,Tuesday,2024-02-11T08:00:00Z
S002,TikTok,9.1,4.5,6,3.8,4.2,Wednesday,2024-02-12T08:00:00Z
S003,YouTube,6.8,7.5,1,7.8,8.2,Monday,2024-02-10T08:00:00Z
S003,YouTube,7.2,7.0,2,7.5,7.9,Tuesday,2024-02-11T08:00:00Z
S003,YouTube,6.5,7.8,1,8.1,8.5,Wednesday,2024-02-12T08:00:00Z
S004,Twitter,5.5,6.8,2,6.8,7.2,Monday,2024-02-10T08:00:00Z
S004,Twitter,6.2,6.5,3,6.5,6.9,Tuesday,2024-02-11T08:00:00Z
S004,Twitter,5.8,7.0,1,7.2,7.6,Wednesday,2024-02-12T08:00:00Z
S005,Facebook,3.5,7.8,0,8.2,8.5,Monday,2024-02-10T08:00:00Z
S005,Facebook,4.2,7.5,1,7.9,8.2,Tuesday,2024-02-11T08:00:00Z
S005,Facebook,3.8,8.0,0,8.5,8.8,Wednesday,2024-02-12T08:00:00Z
S006,LinkedIn,4.5,8.2,0,8.8,9.1,Monday,2024-02-10T08:00:00Z
S006,LinkedIn,5.1,8.0,1,8.5,8.9,Tuesday,2024-02-11T08:00:00Z
S006,LinkedIn,4.8,8.5,0,9.0,9.2,Wednesday,2024-02-12T08:00:00Z
S007,Reddit,6.2,6.2,2,6.5,7.0,Monday,2024-02-10T08:00:00Z
S007,Reddit,6.9,6.0,3,6.2,6.7,Tuesday,2024-02-11T08:00:00Z
S007,Reddit,7.1,5.8,4,5.9,6.4,Wednesday,2024-02-12T08:00:00Z
S008,Instagram,8.5,5.2,5,4.8,5.5,Thursday,2024-02-13T08:00:00Z
S008,Instagram,9.2,4.8,6,4.2,5.0,Friday,2024-02-14T08:00:00Z
S008,Instagram,10.1,4.5,7,3.8,4.5,Saturday,2024-02-15T08:00:00Z
S009,TikTok,5.8,7.2,1,7.5,8.0,Thursday,2024-02-13T08:00:00Z
S009,TikTok,6.5,7.0,2,7.2,7.7,Friday,2024-02-14T08:00:00Z
S009,TikTok,7.2,6.8,2,6.9,7.4,Saturday,2024-02-15T08:00:00Z
S010,YouTube,4.2,8.0,0,8.5,8.9,Thursday,2024-02-13T08:00:00Z
S010,YouTube,4.8,7.8,1,8.2,8.6,Friday,2024-02-14T08:00:00Z
S010,YouTube,5.5,7.5,1,7.9,8.3,Saturday,2024-02-15T08:00:00Z
S011,Twitter,7.8,5.8,4,5.5,6.2,Thursday,2024-02-13T08:00:00Z
S011,Twitter,8.5,5.5,5,5.1,5.8,Friday,2024-02-14T08:00:00Z
S011,Twitter,9.1,5.2,6,4.8,5.4,Saturday,2024-02-15T08:00:00Z
S012,Facebook,6.5,6.5,2,6.8,7.3,Thursday,2024-02-13T08:00:00Z
S012,Facebook,7.2,6.2,3,6.5,7.0,Friday,2024-02-14T08:00:00Z
S012,Facebook,6.8,6.8,2,7.0,7.5,Saturday,2024-02-15T08:00:00Z
S013,LinkedIn,3.8,8.5,0,9.0,9.3,Thursday,2024-02-13T08:00:00Z
S013,LinkedIn,4.5,8.2,1,8.7,9.0,Friday,2024-02-14T08:00:00Z
S013,LinkedIn,4.2,8.8,0,9.2,9.5,Saturday,2024-02-15T08:00:00Z
S014,Reddit,5.5,7.0,1,7.2,7.8,Thursday,2024-02-13T08:00:00Z
S014,Reddit,6.2,6.8,2,6.9,7.5,Friday,2024-02-14T08:00:00Z
S014,Reddit,6.8,6.5,3,6.6,7.2,Saturday,2024-02-15T08:00:00Z
S015,Instagram,4.5,7.5,1,7.8,8.2,Sunday,2024-02-16T08:00:00Z
S015,Instagram,5.2,7.2,2,7.5,7.9,Sunday,2024-02-16T08:00:00Z
S016,TikTok,8.8,4.8,5,4.5,5.1,Sunday,2024-02-16T08:00:00Z
S016,TikTok,9.5,4.5,6,4.1,4.7,Sunday,2024-02-16T08:00:00Z
S017,YouTube,5.8,7.8,1,8.0,8.4,Sunday,2024-02-16T08:00:00Z
S017,YouTube,6.5,7.5,2,7.7,8.1,Sunday,2024-02-16T08:00:00Z
S018,Twitter,6.8,6.0,3,6.2,6.8,Sunday,2024-02-16T08:00:00Z
S018,Twitter,7.5,5.8,4,5.9,6.5,Sunday,2024-02-16T08:00:00Z
S019,Facebook,5.2,7.2,1,7.5,8.0,Sunday,2024-02-16T08:00:00Z
S019,Facebook,5.8,7.0,2,7.2,7.7,Sunday,2024-02-16T08:00:00Z
S020,LinkedIn,4.8,8.0,1,8.5,8.9,Sunday,2024-02-16T08:00:00Z
S020,LinkedIn,5.5,7.8,1,8.2,8.6,Sunday,2024-02-16T08:00:00Z
